<?xml version="1.0" encoding="UTF-8"?>
<project-private xmlns="http://www.netbeans.org/ns/project-private/1">
    <editor-bookmarks xmlns="http://www.netbeans.org/ns/editor-bookmarks/2" lastBookmarkId="0"/>
    <open-files xmlns="http://www.netbeans.org/ns/projectui-open-files/2">
        <group>
            <file>file:/C:/Users/pierr/Gestion_ecole/Gestion_ecole/src/mise_a_jour/Maj.java</file>
            <file>file:/C:/Users/pierr/Gestion_ecole/Gestion_ecole/src/mise_a_jour/Recherche_info.java</file>
            <file>file:/C:/Users/pierr/Gestion_ecole/Gestion_ecole/src/vue/SimpleMenuEx.java</file>
            <file>file:/C:/Users/pierr/Gestion_ecole/Gestion_ecole/src/connexion/Connexion.java</file>
            <file>file:/C:/Users/pierr/Gestion_ecole/Gestion_ecole/src/gestion_ecole/Gestion_ecole.java</file>
            <file>file:/C:/Users/pierr/Gestion_ecole/Gestion_ecole/src/vue/BadIdea1.java</file>
        </group>
    </open-files>
</project-private>
